City,Locality,Property Name
Bangalore,Whitefield Overview,Provident Capella
Bangalore,Whitefield Overview,Prestige Mayberry
Bangalore,Whitefield Overview,Birla Alokya
Bangalore,Whitefield Overview,Folium By Sumadhura Phase 1
Bangalore,Whitefield Overview,Prestige Waterford
Bangalore,Whitefield Overview,Independent Floor
Bangalore,Whitefield Overview,Godrej Splendour
Bangalore,Whitefield Overview,Land
Bangalore,Whitefield Overview,Prestige White Meadows
Bangalore,Whitefield Overview,Farm House
Bangalore,Whitefield Overview,Apartment
Bangalore,Whitefield Overview,Adarsh Palm Meadows
Bangalore,Whitefield Overview,Sobha Windsor
Bangalore,Whitefield Overview,United Sai Green Woods
Bangalore,Whitefield Overview,Jupiter Homes
Bangalore,Whitefield Overview,SBR Earth and Sky
Bangalore,Whitefield Overview,Sterling Villa Grande
Bangalore,Whitefield Overview,Villa
Bangalore,Whitefield Overview,Sowparnika Columns
Bangalore,Whitefield Overview,Prestige Lakeside Habitat
